Transecta-punto,Fecha_muestreo,Fecha,Transecta,Bosque,Pastoreo,Repet,puntotransecta,CA_Broza,CA_SD,CA_Mono,CA_Dico,CA_Crasa,CB_Broza,CB_SD,CB_Mono,CB_Dico,CB_Crasa,Hum_vol,mm,DAP,Hum_grav,Cob,FAPARdir,FAPARdif,IPAR,IPAR_COB
2018-02AR CL 391,01/30/2018,2018-02,AR CL 39,Arbustal,Clausura,1,1,23%,5%,68%,5%,0%,40%,56%,4%,0%,0%,16.7%,25,1.0969,15.2%,0,0.36,0.42,0.35,1.34586466165414
2018-02AR CL 392,01/30/2018,2018-02,AR CL 39,Arbustal,Clausura,1,2,0%,25%,25%,50%,0%,0%,86%,14%,0%,0%,21.1%,32,1.0969,19.2%,0.002,0.36,0.42,0.36,1.35255804181111
2018-02AR CL 393,01/30/2018,2018-02,AR CL 39,Arbustal,Clausura,1,3,5%,24%,24%,48%,0%,0%,72%,24%,4%,0%,16.6%,25,1.0969,15.1%,0.128,0.36,0.42,0.32,1.16981282994721
2018-02AR CL 394,01/30/2018,2018-02,AR CL 39,Arbustal,Clausura,1,4,6%,59%,29%,6%,0%,0%,96%,4%,0%,0%,8.5%,13,1.0969,7.7%,0,0.36,0.42,0.48,1.48496240601504
2018-02AR CL 395,01/30/2018,2018-02,AR CL 39,Arbustal,Clausura,1,5,31%,31%,6%,31%,0%,14%,60%,6%,20%,0%,16.1%,24,1.0969,14.7%,0.078,0.36,0.42,0.57,1.45423856487229
2018-02AR CL 396,01/30/2018,2018-02,AR CL 39,Arbustal,Clausura,1,6,48%,24%,5%,24%,0%,40%,52%,0%,8%,0%,7.6%,11,1.0969,6.9%,0.33,0.36,0.42,0.53,1.15043247215784
2018-02AR CL 397,01/30/2018,2018-02,AR CL 39,Arbustal,Clausura,1,7,5%,24%,48%,24%,0%,12%,70%,2%,16%,0%,11.8%,18,1.0969,10.8%,0.148,0.36,0.42,0.44,1.25094967383616
2018-02AR CL 398,01/30/2018,2018-02,AR CL 39,Arbustal,Clausura,1,8,20%,40%,20%,20%,0%,6%,84%,8%,2%,0%,10.6%,16,1.0969,9.7%,0.62,0.36,0.42,0.11,0.688062749466258
2018-02AR CL 399,01/30/2018,2018-02,AR CL 39,Arbustal,Clausura,1,9,6%,31%,31%,31%,0%,0%,78%,4%,18%,0%,16.4%,25,1.0969,15.0%,0.377,0.36,0.42,0.30,0.941897226726948
2018-02AR CL 3910,01/30/2018,2018-02,AR CL 39,Arbustal,Clausura,1,10,0%,50%,25%,25%,0%,0%,76%,16%,8%,0%,20.2%,30,1.0969,18.4%,0.332,0.36,0.42,0.52,1.14306035358667
2018-02AR CL 3911,01/30/2018,2018-02,AR CL 39,Arbustal,Clausura,1,11,24%,24%,5%,48%,0%,44%,24%,6%,26%,0%,10.8%,16,1.0969,9.8%,0.84,0.36,0.42,0.49,0.80908793723439
2018-02AR CL 401,01/30/2018,2018-02,AR CL 40,Arbustal,Clausura,2,1,4%,58%,19%,19%,0%,0%,82%,18%,0%,0%,10.5%,16,1.0969,9.6%,0.033,0.65,0.67,0.23,1.19005160529591
2018-02AR CL 402,01/30/2018,2018-02,AR CL 40,Arbustal,Clausura,2,2,24%,48%,5%,24%,0%,12%,78%,0%,10%,0%,10.9%,16,1.0969,9.9%,0.726,0.65,0.67,0.60,0.925691981982767
2018-02AR CL 403,01/30/2018,2018-02,AR CL 40,Arbustal,Clausura,2,3,24%,48%,24%,5%,0%,28%,60%,10%,2%,0%,19.9%,30,1.0969,18.1%,0.593,0.65,0.67,0.66,1.03955746239422
2018-02AR CL 404,01/30/2018,2018-02,AR CL 40,Arbustal,Clausura,2,4,5%,90%,0%,5%,0%,16%,82%,0%,2%,0%,13.7%,21,1.0969,12.5%,0.705,0.65,0.67,0.71,1.00544616673649
2018-02AR CL 405,01/30/2018,2018-02,AR CL 40,Arbustal,Clausura,2,5,4%,58%,19%,19%,0%,20%,74%,0%,6%,0%,16.3%,24,1.0969,14.9%,0.43,0.65,0.67,0.66,1.16068142383932
2018-02AR CL 406,01/30/2018,2018-02,AR CL 40,Arbustal,Clausura,2,6,38%,19%,38%,4%,0%,46%,36%,18%,0%,0%,13.1%,20,1.0969,11.9%,0.802,0.65,0.67,0.64,0.912728547228226
2018-02AR CL 407,01/30/2018,2018-02,AR CL 40,Arbustal,Clausura,2,7,24%,48%,24%,5%,0%,26%,62%,12%,0%,0%,13.9%,21,1.0969,12.7%,0.942,0.65,0.67,0.62,0.833378502899886
2018-02AR CL 408,01/30/2018,2018-02,AR CL 40,Arbustal,Clausura,2,8,4%,58%,19%,19%,0%,28%,56%,0%,16%,0%,18.8%,28,1.0969,17.1%,0.123,0.65,0.67,0.67,1.48969931507308
2018-02AR CL 409,01/30/2018,2018-02,AR CL 40,Arbustal,Clausura,2,9,0%,71%,24%,5%,0%,0%,94%,4%,2%,0%,15.6%,23,1.0969,14.2%,0.727,0.65,0.67,0.54,0.893591825539529
2018-02AR CL 4010,01/30/2018,2018-02,AR CL 40,Arbustal,Clausura,2,10,0%,24%,71%,5%,0%,0%,82%,12%,6%,0%,14.7%,22,1.0969,13.4%,0.982,0.65,0.67,0.45,0.729308134109239
2018-02AR CL 4011,01/30/2018,2018-02,AR CL 40,Arbustal,Clausura,2,11,5%,68%,5%,23%,0%,8%,92%,0%,0%,0%,12.7%,19,1.0969,11.6%,0.983,0.65,0.67,0.60,0.807616620977557
2018-02AR CO 11,01/30/2018,2018-02,AR CO 1,Arbustal,Continuo,1,1,5%,68%,5%,23%,0%,0%,98%,0%,2%,0%,17.7%,27,1.2156,14.6%,0,0.33,0.37,0.04,1.04340731070496
2018-02AR CO 12,01/30/2018,2018-02,AR CO 1,Arbustal,Continuo,1,2,4%,56%,4%,37%,0%,10%,84%,0%,6%,0%,15.4%,23,1.2156,12.7%,0.137,0.33,0.37,0.29,1.13440389830781
2018-02AR CO 13,01/30/2018,2018-02,AR CO 1,Arbustal,Continuo,1,3,0%,76%,4%,20%,0%,0%,92%,0%,8%,0%,16.1%,24,1.2156,13.2%,0.498,0.33,0.37,0.60,1.06952873631334
2018-02AR CO 14,01/30/2018,2018-02,AR CO 1,Arbustal,Continuo,1,4,79%,0%,0%,21%,0%,82%,14%,0%,4%,0%,24.8%,37,1.2156,20.4%,0.785,0.33,0.37,0.62,0.909632782616963
2018-02AR CO 15,01/30/2018,2018-02,AR CO 1,Arbustal,Continuo,1,5,54%,3%,0%,43%,0%,48%,50%,0%,2%,0%,12.4%,19,1.2156,10.2%,0.382,0.33,0.37,0.13,0.816163051240681
2018-02AR CO 16,01/30/2018,2018-02,AR CO 1,Arbustal,Continuo,1,6,0%,60%,20%,20%,0%,0%,74%,8%,18%,0%,22.2%,33,1.2156,18.3%,0.256,0.33,0.37,0.15,0.918047679233673
2018-02AR CO 17,01/30/2018,2018-02,AR CO 1,Arbustal,Continuo,1,7,20%,40%,0%,40%,0%,28%,66%,6%,0%,0%,17.9%,27,1.2156,14.7%,0,0.33,0.37,0.01,1.01142297650131
2018-02AR CO 18,01/30/2018,2018-02,AR CO 1,Arbustal,Continuo,1,8,6%,59%,29%,6%,0%,6%,92%,0%,2%,0%,16.9%,25,1.2156,13.9%,0,0.33,0.37,0.00,1.00065274151436
2018-02AR CO 19,01/30/2018,2018-02,AR CO 1,Arbustal,Continuo,1,9,0%,0%,100%,0%,0%,100%,0%,100%,0%,0%,18.3%,27,1.2156,15.1%,0,0.33,0.37,0.00,1.00130548302872
2018-02AR CO 110,01/30/2018,2018-02,AR CO 1,Arbustal,Continuo,1,10,24%,5%,48%,24%,0%,84%,0%,6%,10%,0%,12.3%,18,1.2156,10.1%,0.133,0.33,0.37,0.20,1.05746429797737
2018-02AR CO 111,01/30/2018,2018-02,AR CO 1,Arbustal,Continuo,1,11,5%,86%,5%,5%,0%,6%,92%,2%,0%,0%,13.5%,20,1.2156,11.1%,0.784,0.33,0.37,0.50,0.843185437131918
2018-02AR CO 21,01/30/2018,2018-02,AR CO 2,Arbustal,Continuo,2,1,0%,50%,25%,25%,0%,0%,82%,8%,10%,0%,26.2%,39,1.2156,21.6%,0.423,0.23,0.26,0.64,1.15513879714609
2018-02AR CO 22,01/30/2018,2018-02,AR CO 2,Arbustal,Continuo,2,2,0%,60%,20%,20%,0%,0%,82%,10%,8%,0%,23.9%,36,1.2156,19.7%,0.214,0.23,0.26,0.04,0.857793169086915
2018-02AR CO 23,01/30/2018,2018-02,AR CO 2,Arbustal,Continuo,2,3,4%,58%,19%,19%,0%,0%,88%,0%,12%,0%,23.0%,35,1.2156,18.9%,0,0.23,0.26,0.02,1.01867911941294
2018-02AR CO 24,01/30/2018,2018-02,AR CO 2,Arbustal,Continuo,2,4,0%,71%,5%,24%,0%,0%,100%,0%,0%,0%,24.4%,37,1.2156,20.1%,0.112,0.23,0.26,0.24,1.11585181487898
2018-02AR CO 25,01/30/2018,2018-02,AR CO 2,Arbustal,Continuo,2,5,0%,71%,5%,24%,0%,0%,92%,0%,8%,0%,22.2%,33,1.2156,18.3%,0.053,0.23,0.26,0.01,0.958853860788484
2018-02AR CO 26,01/30/2018,2018-02,AR CO 2,Arbustal,Continuo,2,6,5%,86%,5%,5%,0%,0%,64%,10%,26%,0%,21.3%,32,1.2156,17.5%,0,0.23,0.26,0.00,1.00066711140761
2018-02AR CO 27,01/30/2018,2018-02,AR CO 2,Arbustal,Continuo,2,7,0%,50%,25%,25%,0%,0%,78%,8%,14%,0%,25.8%,39,1.2156,21.2%,0.001,0.23,0.26,0.47,1.46651214029466
2018-02AR CO 28,01/30/2018,2018-02,AR CO 2,Arbustal,Continuo,2,8,5%,48%,24%,24%,0%,0%,84%,6%,10%,0%,25.7%,39,1.2156,21.1%,0.688,0.23,0.26,0.87,1.10638529952038
2018-02AR CO 29,01/30/2018,2018-02,AR CO 2,Arbustal,Continuo,2,9,4%,20%,0%,76%,0%,0%,96%,0%,4%,0%,23.4%,35,1.2156,19.2%,0.049,0.23,0.26,0.18,1.12817505919103
2018-02AR CO 210,01/30/2018,2018-02,AR CO 2,Arbustal,Continuo,2,10,0%,48%,5%,48%,0%,0%,92%,4%,4%,0%,25.2%,38,1.2156,20.7%,0.014,0.23,0.26,0.06,1.04244381198248
2018-02AR CO 211,01/30/2018,2018-02,AR CO 2,Arbustal,Continuo,2,11,5%,45%,5%,45%,0%,0%,82%,0%,18%,0%,22.4%,34,1.2156,18.4%,0.619,0.23,0.26,0.49,0.920111039643065
2018-02BA CL 7(P1)1,01/31/2018,2018-02,BA CL 7(P1),Bosque Alto,Clausura,1,1,75%,0%,25%,0%,0%,94%,0%,6%,0%,0%,6.5%,10,0.9445,6.9%,0.425,0.63,0.68,0.94,1.36253715940422
2018-02BA CL 7(P1)2,01/31/2018,2018-02,BA CL 7(P1),Bosque Alto,Clausura,1,2,60%,20%,20%,0%,0%,58%,36%,0%,6%,0%,7.9%,12,0.9445,8.4%,0.586,0.63,0.68,0.87,1.180489511496
2018-02BA CL 7(P1)3,01/31/2018,2018-02,BA CL 7(P1),Bosque Alto,Clausura,1,3,48%,24%,24%,5%,0%,56%,32%,12%,0%,0%,7.1%,11,0.9445,7.5%,0.467,0.63,0.68,0.78,1.21400695308493
2018-02BA CL 7(P1)4,01/31/2018,2018-02,BA CL 7(P1),Bosque Alto,Clausura,1,4,48%,0%,48%,5%,0%,68%,24%,8%,0%,0%,6.4%,10,0.9445,6.8%,0.721,0.63,0.68,0.59,0.922856068633148
2018-02BA CL 7(P1)5,01/31/2018,2018-02,BA CL 7(P1),Bosque Alto,Clausura,1,5,20%,0%,60%,20%,0%,100%,0%,0%,0%,0%,6.3%,9,0.9445,6.7%,0.498,0.63,0.68,0.15,0.770708618222013
2018-02BA CL 7(P1)6,01/31/2018,2018-02,BA CL 7(P1),Bosque Alto,Clausura,1,6,0%,0%,100%,0%,0%,74%,0%,26%,0%,0%,8.5%,13,0.9445,9.0%,0.444,0.63,0.68,0.42,0.984972481571287
2018-02BA CL 7(P1)7,01/31/2018,2018-02,BA CL 7(P1),Bosque Alto,Clausura,1,7,79%,0%,0%,21%,0%,88%,0%,8%,4%,0%,15.4%,23,0.9445,16.3%,0.406,0.63,0.68,0.72,1.22327863652202
2018-02BA CL 7(P1)8,01/31/2018,2018-02,BA CL 7(P1),Bosque Alto,Clausura,1,8,20%,0%,60%,20%,0%,94%,0%,0%,6%,0%,4.6%,7,0.9445,4.9%,0.411,0.63,0.68,0.33,0.944852591173453
2018-02BA CL 7(P1)9,01/31/2018,2018-02,BA CL 7(P1),Bosque Alto,Clausura,1,9,58%,4%,19%,19%,0%,64%,22%,14%,0%,0%,5.7%,9,0.9445,6.0%,0.521,0.63,0.68,0.47,0.965990329129385
2018-02BA CL 7(P1)10,01/31/2018,2018-02,BA CL 7(P1),Bosque Alto,Clausura,1,10,48%,24%,24%,5%,0%,80%,0%,18%,2%,0%,6.7%,10,0.9445,7.1%,0.695,0.63,0.68,0.66,0.978449760567283
2018-02BA CL 7(P1)11,01/31/2018,2018-02,BA CL 7(P1),Bosque Alto,Clausura,1,11,60%,0%,20%,20%,0%,78%,0%,6%,16%,0%,6.1%,9,0.9445,6.5%,0.854,0.63,0.68,0.63,0.880567654777701
2018-02BA CL 711,01/31/2018,2018-02,BA CL 71,Bosque Alto,Clausura,2,1,48%,24%,5%,24%,0%,56%,36%,8%,0%,0%,13.3%,20,0.9445,14.1%,0.071,0.56,0.63,0.02,0.952380952380952
2018-02BA CL 712,01/31/2018,2018-02,BA CL 71,Bosque Alto,Clausura,2,2,48%,48%,5%,0%,0%,40%,60%,0%,0%,0%,15.8%,24,0.9445,16.7%,0.1,0.56,0.63,0.06,0.966060606060606
2018-02BA CL 713,01/31/2018,2018-02,BA CL 71,Bosque Alto,Clausura,2,3,20%,60%,20%,0%,0%,92%,0%,8%,0%,0%,14.7%,22,0.9445,15.6%,0.067,0.56,0.63,0.11,1.0367593460377
2018-02BA CL 714,01/31/2018,2018-02,BA CL 71,Bosque Alto,Clausura,2,4,60%,20%,20%,0%,0%,20%,54%,26%,0%,0%,26.4%,40,0.9445,28.0%,0.347,0.56,0.63,0.05,0.777035387280376
2018-02BA CL 715,01/31/2018,2018-02,BA CL 71,Bosque Alto,Clausura,2,5,48%,0%,48%,5%,0%,0%,84%,16%,0%,0%,13.6%,20,0.9445,14.4%,0.645,0.56,0.63,0.69,1.02722053360351
2018-02BA CL 716,01/31/2018,2018-02,BA CL 71,Bosque Alto,Clausura,2,6,48%,24%,24%,5%,0%,60%,36%,4%,0%,0%,15.2%,23,0.9445,16.1%,0.815,0.56,0.63,0.70,0.939332721150903
2018-02BA CL 717,01/31/2018,2018-02,BA CL 71,Bosque Alto,Clausura,2,7,25%,50%,25%,0%,0%,68%,24%,8%,0%,0%,15.1%,23,0.9445,16.0%,0.727,0.56,0.63,0.85,1.06903429196423
2018-02BA CL 718,01/31/2018,2018-02,BA CL 71,Bosque Alto,Clausura,2,8,68%,5%,23%,5%,0%,66%,14%,20%,0%,0%,11.8%,18,0.9445,12.5%,0.737,0.56,0.63,0.89,1.08616388409135
2018-02BA CL 719,01/31/2018,2018-02,BA CL 71,Bosque Alto,Clausura,2,9,68%,5%,23%,5%,0%,92%,0%,6%,2%,0%,14.9%,22,0.9445,15.8%,0.736,0.56,0.63,0.89,1.08806963645673
2018-02BA CL 7110,01/31/2018,2018-02,BA CL 71,Bosque Alto,Clausura,2,10,95%,5%,0%,0%,0%,100%,0%,0%,0%,0%,12.5%,19,0.9445,13.2%,0.577,0.56,0.63,0.88,1.18903684915099
2018-02BA CL 7111,01/31/2018,2018-02,BA CL 71,Bosque Alto,Clausura,2,11,95%,5%,0%,0%,0%,78%,22%,0%,0%,0%,16.1%,24,0.9445,17.0%,0.416,0.56,0.63,0.91,1.35153797865662
2018-02BA CO 11,01/31/2018,2018-02,BA CO 1,Bosque Alto,Continuo,1,1,24%,71%,5%,0%,0%,16%,74%,10%,0%,0%,9.9%,15,1.1474,8.6%,0.868,0.74,0.77,0.15,0.614327182492134
2018-02BA CO 12,01/31/2018,2018-02,BA CO 1,Bosque Alto,Continuo,1,2,5%,24%,24%,48%,0%,20%,48%,22%,10%,0%,10.1%,15,1.1474,8.8%,0.842,0.74,0.77,0.41,0.763130250042138
2018-02BA CO 13,01/31/2018,2018-02,BA CO 1,Bosque Alto,Continuo,1,3,60%,40%,0%,0%,0%,76%,0%,24%,0%,0%,11.7%,18,1.1474,10.2%,0.195,0.74,0.77,0.56,1.30432155642494
2018-02BA CO 14,01/31/2018,2018-02,BA CO 1,Bosque Alto,Continuo,1,4,48%,24%,24%,5%,0%,84%,0%,10%,6%,0%,10.7%,16,1.1474,9.3%,0.379,0.74,0.77,0.88,1.36262608545406
2018-02BA CO 15,01/31/2018,2018-02,BA CO 1,Bosque Alto,Continuo,1,5,58%,4%,19%,19%,0%,86%,0%,6%,8%,0%,10.0%,15,1.1474,8.7%,0.602,0.74,0.77,0.15,0.718585071909211
2018-02BA CO 16,01/31/2018,2018-02,BA CO 1,Bosque Alto,Continuo,1,6,58%,4%,19%,19%,0%,90%,0%,10%,0%,0%,9.8%,15,1.1474,8.5%,0.478,0.74,0.77,0.42,0.959927309321309
2018-02BA CO 17,01/31/2018,2018-02,BA CO 1,Bosque Alto,Continuo,1,7,56%,4%,4%,19%,19%,76%,0%,12%,6%,6%,10.8%,16,1.1474,9.4%,0.729,0.74,0.77,0.33,0.76863569643353
2018-02BA CO 18,01/31/2018,2018-02,BA CO 1,Bosque Alto,Continuo,1,8,58%,0%,38%,4%,0%,74%,0%,26%,0%,0%,10.8%,16,1.1474,9.4%,0.787,0.74,0.77,0.82,1.02070913274572
2018-02BA CO 19,01/31/2018,2018-02,BA CO 1,Bosque Alto,Continuo,1,9,45%,5%,45%,5%,0%,80%,0%,20%,0%,0%,10.3%,15,1.1474,9.0%,0.809,0.74,0.77,0.91,1.0556922567268
2018-02BA CO 110,01/31/2018,2018-02,BA CO 1,Bosque Alto,Continuo,1,10,71%,0%,24%,5%,0%,80%,0%,20%,0%,0%,10.8%,16,1.1474,9.4%,0.888,0.74,0.77,0.91,1.01319180994921
2018-02BA CO 111,01/31/2018,2018-02,BA CO 1,Bosque Alto,Continuo,1,11,50%,25%,25%,0%,0%,92%,6%,0%,2%,0%,11.0%,17,1.1474,9.6%,0.903,0.74,0.77,0.40,0.734874253269111
2018-02BA CO 21,01/31/2018,2018-02,BA CO 2,Bosque Alto,Continuo,2,1,76%,4%,20%,0%,0%,90%,0%,10%,0%,0%,12.1%,18,1.1474,10.5%,0.251,0.61,0.62,0.69,1.35067825136875
2018-02BA CO 22,01/31/2018,2018-02,BA CO 2,Bosque Alto,Continuo,2,2,48%,48%,0%,5%,0%,36%,64%,0%,0%,0%,12.9%,19,1.1474,11.2%,0.354,0.61,0.62,0.50,1.10473589018455
2018-02BA CO 23,01/31/2018,2018-02,BA CO 2,Bosque Alto,Continuo,2,3,76%,4%,20%,0%,0%,66%,32%,0%,2%,0%,10.6%,16,1.1474,9.2%,0.572,0.61,0.62,0.35,0.857499968033552
2018-02BA CO 24,01/31/2018,2018-02,BA CO 2,Bosque Alto,Continuo,2,4,50%,25%,25%,0%,0%,0%,84%,16%,0%,0%,14.6%,22,1.1474,12.7%,0.608,0.61,0.62,0.83,1.13909097727443
2018-02BA CO 25,01/31/2018,2018-02,BA CO 2,Bosque Alto,Continuo,2,5,48%,5%,48%,0%,0%,84%,0%,16%,0%,0%,13.0%,20,1.1474,11.3%,0.593,0.61,0.62,0.69,1.06306800796197
2018-02BA CO 26,01/31/2018,2018-02,BA CO 2,Bosque Alto,Continuo,2,6,25%,25%,25%,25%,0%,72%,0%,22%,6%,0%,10.3%,15,1.1474,9.0%,0.52,0.61,0.62,0.54,1.01273913426783
2018-02BA CO 27,01/31/2018,2018-02,BA CO 2,Bosque Alto,Continuo,2,7,4%,58%,19%,19%,0%,82%,0%,18%,0%,0%,14.0%,21,1.1474,12.2%,0.722,0.61,0.62,0.47,0.85454372131661
2018-02BA CO 28,01/31/2018,2018-02,BA CO 2,Bosque Alto,Continuo,2,8,24%,5%,71%,0%,0%,90%,0%,10%,0%,0%,11.6%,17,1.1474,10.1%,0.725,0.61,0.62,0.85,1.074697157284
2018-02BA CO 29,01/31/2018,2018-02,BA CO 2,Bosque Alto,Continuo,2,9,38%,4%,38%,19%,0%,76%,0%,22%,2%,0%,11.4%,17,1.1474,9.9%,0.665,0.61,0.62,0.86,1.11518553729609
2018-02BA CO 210,01/31/2018,2018-02,BA CO 2,Bosque Alto,Continuo,2,10,25%,25%,25%,25%,0%,74%,0%,26%,0%,0%,15.2%,23,1.1474,13.2%,0.665,0.61,0.62,0.70,1.02061860855831
2018-02BA CO 211,01/31/2018,2018-02,BA CO 2,Bosque Alto,Continuo,2,11,24%,71%,5%,0%,0%,32%,62%,6%,0%,0%,6.8%,10,1.1474,5.9%,0.678,0.61,0.62,0.49,0.889928386469495
2018-02BB CL 26bis1,02/01/2018,2018-02,BB CL 26bis,Bosque Bajo,Clausura,1,1,5%,86%,5%,5%,0%,18%,74%,4%,4%,0%,17.7%,27,1.1198,15.8%,0.853,0.85,0.87,0.55,0.838654886622553
2018-02BB CL 26bis2,02/01/2018,2018-02,BB CL 26bis,Bosque Bajo,Clausura,1,2,0%,48%,48%,5%,0%,26%,72%,0%,2%,0%,16.1%,24,1.1198,14.4%,0.912,0.85,0.87,0.82,0.950721736771584
2018-02BB CL 26bis3,02/01/2018,2018-02,BB CL 26bis,Bosque Bajo,Clausura,1,3,0%,100%,0%,0%,0%,0%,100%,0%,0%,0%,24.2%,36,1.1198,21.6%,0.93,0.85,0.87,0.77,0.918442134837179
2018-02BB CL 26bis4,02/01/2018,2018-02,BB CL 26bis,Bosque Bajo,Clausura,1,4,5%,71%,24%,0%,0%,10%,82%,8%,0%,0%,18.4%,28,1.1198,16.4%,0.907,0.85,0.87,0.57,0.82520916116098
2018-02BB CL 26bis5,02/01/2018,2018-02,BB CL 26bis,Bosque Bajo,Clausura,1,5,75%,25%,0%,0%,0%,78%,22%,0%,0%,0%,11.6%,17,1.1198,10.4%,0.801,0.85,0.87,0.44,0.802053868784969
2018-02BB CL 26bis6,02/01/2018,2018-02,BB CL 26bis,Bosque Bajo,Clausura,1,6,5%,90%,0%,5%,0%,42%,56%,0%,2%,0%,16.5%,25,1.1198,14.7%,0.806,0.85,0.87,0.54,0.850689798467018
2018-02BB CL 26bis7,02/01/2018,2018-02,BB CL 26bis,Bosque Bajo,Clausura,1,7,75%,25%,0%,0%,0%,58%,42%,0%,0%,0%,20.5%,31,1.1198,18.3%,0.808,0.85,0.87,0.66,0.917935132221778
2018-02BB CL 26bis8,02/01/2018,2018-02,BB CL 26bis,Bosque Bajo,Clausura,1,8,71%,5%,0%,24%,0%,92%,0%,0%,8%,0%,20.0%,30,1.1198,17.9%,0.651,0.85,0.87,0.89,1.14623631090998
2018-02BB CL 26bis9,02/01/2018,2018-02,BB CL 26bis,Bosque Bajo,Clausura,1,9,19%,38%,4%,38%,0%,28%,14%,0%,58%,0%,18.1%,27,1.1198,16.2%,0.694,0.85,0.87,0.85,1.09075600234736
2018-02BB CL 26bis10,02/01/2018,2018-02,BB CL 26bis,Bosque Bajo,Clausura,1,10,5%,48%,24%,24%,0%,34%,48%,4%,14%,0%,14.8%,22,1.1198,13.2%,0.696,0.85,0.87,0.74,1.02720604589094
2018-02BB CL 26bis11,02/01/2018,2018-02,BB CL 26bis,Bosque Bajo,Clausura,1,11,76%,4%,0%,20%,0%,56%,34%,0%,10%,0%,7.1%,11,1.1198,6.3%,0.788,0.85,0.87,0.56,0.873263362385341
2018-02BB CL 102bis1,02/01/2018,2018-02,BB CL 102bis,Bosque Bajo,Clausura,2,1,0%,50%,50%,0%,0%,76%,0%,24%,0%,0%,9.3%,14,1.1198,8.3%,0.773,0.82,0.86,0.84,1.03507053322147
2018-02BB CL 102bis2,02/01/2018,2018-02,BB CL 102bis,Bosque Bajo,Clausura,2,2,50%,25%,25%,0%,0%,66%,30%,4%,0%,0%,5.7%,9,1.1198,5.1%,0.762,0.82,0.86,0.61,0.916024453870203
2018-02BB CL 102bis3,02/01/2018,2018-02,BB CL 102bis,Bosque Bajo,Clausura,2,3,71%,5%,24%,0%,0%,66%,20%,14%,0%,0%,5.7%,9,1.1198,5.1%,0.897,0.82,0.86,0.68,0.886124809012237
2018-02BB CL 102bis4,02/01/2018,2018-02,BB CL 102bis,Bosque Bajo,Clausura,2,4,25%,50%,25%,0%,0%,58%,38%,4%,0%,0%,7.7%,12,1.1198,6.9%,0.681,0.82,0.86,0.67,0.994219792883693
2018-02BB CL 102bis5,02/01/2018,2018-02,BB CL 102bis,Bosque Bajo,Clausura,2,5,25%,75%,0%,0%,0%,38%,62%,0%,0%,0%,8.5%,13,1.1198,7.6%,0.56,0.82,0.86,0.83,1.17166228662074
2018-02BB CL 102bis6,02/01/2018,2018-02,BB CL 102bis,Bosque Bajo,Clausura,2,6,23%,68%,5%,5%,0%,26%,72%,0%,2%,0%,16.1%,24,1.1198,14.4%,0.619,0.82,0.86,0.87,1.1523477267011
2018-02BB CL 102bis7,02/01/2018,2018-02,BB CL 102bis,Bosque Bajo,Clausura,2,7,23%,68%,5%,5%,0%,68%,32%,0%,0%,0%,11.9%,18,1.1198,10.6%,0.893,0.82,0.86,0.73,0.91653216227936
2018-02BB CL 102bis8,02/01/2018,2018-02,BB CL 102bis,Bosque Bajo,Clausura,2,8,71%,0%,5%,24%,0%,96%,0%,0%,4%,0%,13.7%,21,1.1198,12.2%,0.737,0.82,0.86,0.93,1.11287065343874
2018-02BB CL 102bis9,02/01/2018,2018-02,BB CL 102bis,Bosque Bajo,Clausura,2,9,95%,0%,0%,5%,0%,100%,0%,0%,0%,0%,9.5%,14,1.1198,8.5%,0.915,0.82,0.86,0.51,0.78738828657462
2018-02BB CL 102bis10,02/01/2018,2018-02,BB CL 102bis,Bosque Bajo,Clausura,2,10,5%,90%,0%,5%,0%,8%,90%,0%,2%,0%,8.6%,13,1.1198,7.7%,0.83,0.82,0.86,0.80,0.980881885472958
2018-02BB CL 102bis11,02/01/2018,2018-02,BB CL 102bis,Bosque Bajo,Clausura,2,11,50%,25%,25%,0%,0%,30%,58%,12%,0%,0%,10.8%,16,1.1198,9.6%,0.592,0.82,0.86,0.85,1.16145130082546
2018-02BB CO 11,02/01/2018,2018-02,BB CO 1,Bosque Bajo,Continuo,1,1,0%,79%,0%,21%,0%,0%,96%,0%,4%,0%,28.8%,43,1.1388,25.3%,0.934,0.82,0.87,0.60,0.825632985288721
2018-02BB CO 12,02/01/2018,2018-02,BB CO 1,Bosque Bajo,Continuo,1,2,0%,100%,0%,0%,0%,0%,100%,0%,0%,0%,27.5%,41,1.1388,24.1%,0.864,0.82,0.87,0.74,0.932351515990586
2018-02BB CO 13,02/01/2018,2018-02,BB CO 1,Bosque Bajo,Continuo,1,3,0%,79%,0%,21%,0%,0%,94%,2%,4%,0%,29.2%,44,1.1388,25.6%,0.881,0.82,0.87,0.75,0.929403447796204
2018-02BB CO 14,02/01/2018,2018-02,BB CO 1,Bosque Bajo,Continuo,1,4,0%,0%,100%,0%,0%,0%,0%,100%,0%,0%,37.6%,56,1.1388,33.0%,0.823,0.82,0.87,0.83,1.00345643185344
2018-02BB CO 15,02/01/2018,2018-02,BB CO 1,Bosque Bajo,Continuo,1,5,24%,71%,0%,5%,0%,52%,46%,0%,2%,0%,26.3%,39,1.1388,23.1%,0.885,0.82,0.87,0.91,1.01466016371467
2018-02BB CO 16,02/01/2018,2018-02,BB CO 1,Bosque Bajo,Continuo,1,6,68%,5%,5%,23%,0%,72%,26%,0%,2%,0%,25.9%,39,1.1388,22.7%,0.593,0.82,0.87,0.88,1.17730573049205
2018-02BB CO 17,02/01/2018,2018-02,BB CO 1,Bosque Bajo,Continuo,1,7,23%,68%,5%,5%,0%,18%,80%,0%,2%,0%,27.0%,41,1.1388,23.7%,0.411,0.82,0.87,0.87,1.32408190637312
2018-02BB CO 18,02/01/2018,2018-02,BB CO 1,Bosque Bajo,Continuo,1,8,68%,5%,5%,23%,0%,56%,44%,0%,0%,0%,25.3%,38,1.1388,22.2%,0.608,0.82,0.87,0.91,1.18749888550081
2018-02BB CO 19,02/01/2018,2018-02,BB CO 1,Bosque Bajo,Continuo,1,9,90%,5%,5%,0%,0%,74%,20%,6%,0%,0%,26.0%,39,1.1388,22.8%,0.8,0.82,0.87,0.85,1.0294703305456
2018-02BB CO 110,02/01/2018,2018-02,BB CO 1,Bosque Bajo,Continuo,1,10,40%,40%,0%,20%,0%,18%,82%,0%,0%,0%,26.0%,39,1.1388,22.8%,0.853,0.82,0.87,0.78,0.962306595717107
2018-02BB CO 111,02/01/2018,2018-02,BB CO 1,Bosque Bajo,Continuo,1,11,5%,90%,0%,5%,0%,0%,98%,0%,2%,0%,28.2%,42,1.1388,24.8%,0.789,0.82,0.87,0.52,0.849977260478712
2018-02BB CO 21,02/01/2018,2018-02,BB CO 2,Bosque Bajo,Continuo,2,1,48%,24%,24%,5%,0%,32%,68%,0%,0%,0%,14.8%,22,1.1388,13.0%,0.867,0.84,0.84,0.47,0.786048003438071
2018-02BB CO 22,02/01/2018,2018-02,BB CO 2,Bosque Bajo,Continuo,2,2,0%,71%,5%,24%,0%,12%,88%,0%,0%,0%,18.7%,28,1.1388,16.4%,0.649,0.84,0.84,0.73,1.04947249100048
2018-02BB CO 23,02/01/2018,2018-02,BB CO 2,Bosque Bajo,Continuo,2,3,0%,95%,0%,5%,0%,0%,96%,0%,4%,0%,14.6%,22,1.1388,12.8%,0.87,0.84,0.84,0.82,0.971716120076349
2018-02BB CO 24,02/01/2018,2018-02,BB CO 2,Bosque Bajo,Continuo,2,4,20%,20%,0%,60%,0%,16%,76%,0%,8%,0%,19.0%,29,1.1388,16.7%,0.904,0.84,0.84,0.75,0.920796047032382
2018-02BB CO 25,02/01/2018,2018-02,BB CO 2,Bosque Bajo,Continuo,2,5,24%,71%,0%,5%,0%,40%,58%,0%,2%,0%,20.3%,30,1.1388,17.8%,0.849,0.84,0.84,0.85,0.998972045268297
2018-02BB CO 26,02/01/2018,2018-02,BB CO 2,Bosque Bajo,Continuo,2,6,40%,40%,0%,20%,0%,74%,14%,0%,12%,0%,20.0%,30,1.1388,17.6%,0.844,0.84,0.84,0.72,0.932360287264017
2018-02BB CO 27,02/01/2018,2018-02,BB CO 2,Bosque Bajo,Continuo,2,7,50%,25%,0%,25%,0%,56%,38%,0%,6%,0%,11.1%,17,1.1388,9.7%,0.927,0.84,0.84,0.91,0.990683038067436
2018-02BB CO 28,02/01/2018,2018-02,BB CO 2,Bosque Bajo,Continuo,2,8,95%,0%,0%,5%,0%,100%,0%,0%,0%,0%,10.4%,16,1.1388,9.1%,0.86,0.84,0.84,0.79,0.963988538924308
2018-02BB CO 29,02/01/2018,2018-02,BB CO 2,Bosque Bajo,Continuo,2,9,75%,25%,0%,0%,0%,28%,72%,0%,0%,0%,26.0%,39,1.1388,22.8%,0.692,0.84,0.84,0.75,1.03268083246744
2018-02BB CO 210,02/01/2018,2018-02,BB CO 2,Bosque Bajo,Continuo,2,10,75%,25%,0%,0%,0%,34%,66%,0%,0%,0%,19.3%,29,1.1388,16.9%,0.928,0.84,0.84,0.83,0.948094019918645
2018-02BB CO 211,02/01/2018,2018-02,BB CO 2,Bosque Bajo,Continuo,2,11,48%,48%,0%,5%,0%,74%,18%,0%,8%,0%,10.9%,16,1.1388,9.6%,0.924,0.84,0.84,0.77,0.922212205398046
2018-08AR CL 391,07/30/2018,2018-08,AR CL 39,Arbustal,Clausura,1,1,24%,48%,24%,5%,0%,30%,64%,0%,6%,0%,2.1%,3,1.1384,1.8%,0,0.27,0.23,,1
2018-08AR CL 392,07/30/2018,2018-08,AR CL 39,Arbustal,Clausura,1,2,23%,68%,5%,5%,0%,20%,70%,6%,4%,0%,0.8%,1,1.1384,0.7%,0.171,0.27,0.23,,0.85397096498719
2018-08AR CL 393,07/30/2018,2018-08,AR CL 39,Arbustal,Clausura,1,3,5%,86%,5%,5%,0%,10%,84%,4%,2%,0%,7.6%,11,1.1384,6.7%,0.524,0.27,0.23,,0.656167979002625
2018-08AR CL 394,07/30/2018,2018-08,AR CL 39,Arbustal,Clausura,1,4,45%,45%,5%,5%,0%,50%,30%,16%,4%,0%,3.2%,5,1.1384,2.8%,0,0.27,0.23,,1
2018-08AR CL 395,07/30/2018,2018-08,AR CL 39,Arbustal,Clausura,1,5,5%,86%,5%,5%,0%,74%,0%,22%,4%,0%,4.6%,7,1.1384,4.0%,0.085,0.27,0.23,,0.921658986175115
2018-08AR CL 396,07/30/2018,2018-08,AR CL 39,Arbustal,Clausura,1,6,23%,68%,5%,5%,0%,30%,52%,8%,10%,0%,0.4%,1,1.1384,0.4%,0.059,0.27,0.23,,0.944287063267233
2018-08AR CL 397,07/30/2018,2018-08,AR CL 39,Arbustal,Clausura,1,7,5%,90%,0%,5%,0%,20%,78%,0%,2%,0%,0.4%,1,1.1384,0.4%,0.327,0.27,0.23,,0.753579502637528
2018-08AR CL 398,07/30/2018,2018-08,AR CL 39,Arbustal,Clausura,1,8,24%,71%,0%,5%,0%,30%,68%,0%,2%,0%,0.9%,1,1.1384,0.8%,0.109,0.27,0.23,,0.901713255184851
2018-08AR CL 399,07/30/2018,2018-08,AR CL 39,Arbustal,Clausura,1,9,5%,86%,5%,5%,0%,10%,74%,8%,8%,0%,1.1%,2,1.1384,1.0%,0.003,0.27,0.23,,0.997008973080758
2018-08AR CL 3910,07/30/2018,2018-08,AR CL 39,Arbustal,Clausura,1,10,5%,86%,5%,5%,0%,10%,66%,14%,10%,0%,0.5%,1,1.1384,0.4%,0.088,0.27,0.23,,0.919117647058824
2018-08AR CL 3911,07/30/2018,2018-08,AR CL 39,Arbustal,Clausura,1,11,23%,68%,5%,5%,0%,20%,38%,40%,2%,0%,1.1%,2,1.1384,1.0%,0.132,0.27,0.23,,0.88339222614841
2018-08AR CL 401,07/30/2018,2018-08,AR CL 40,Arbustal,Clausura,2,1,24%,24%,48%,5%,0%,30%,36%,28%,6%,0%,1.3%,2,1.1384,1.1%,0.052,0.53,0.48,,0.950570342205323
2018-08AR CL 402,07/30/2018,2018-08,AR CL 40,Arbustal,Clausura,2,2,48%,24%,24%,5%,0%,36%,40%,18%,6%,0%,0.9%,1,1.1384,0.8%,0.068,0.53,0.48,,0.936329588014981
2018-08AR CL 403,07/30/2018,2018-08,AR CL 40,Arbustal,Clausura,2,3,86%,5%,5%,5%,0%,84%,0%,8%,8%,0%,1.0%,2,1.1384,0.9%,0.171,0.53,0.48,,0.85397096498719
2018-08AR CL 404,07/30/2018,2018-08,AR CL 40,Arbustal,Clausura,2,4,68%,23%,5%,5%,0%,54%,30%,8%,8%,0%,1.2%,2,1.1384,1.1%,0.111,0.53,0.48,,0.9000900090009
2018-08AR CL 405,07/30/2018,2018-08,AR CL 40,Arbustal,Clausura,2,5,90%,0%,5%,5%,0%,90%,0%,6%,4%,0%,1.4%,2,1.1384,1.2%,0.405,0.53,0.48,,0.711743772241993
2018-08AR CL 406,07/30/2018,2018-08,AR CL 40,Arbustal,Clausura,2,6,86%,5%,5%,5%,0%,92%,0%,6%,2%,0%,0.3%,0,1.1384,0.3%,0.046,0.53,0.48,,0.956022944550669
2018-08AR CL 407,07/30/2018,2018-08,AR CL 40,Arbustal,Clausura,2,7,48%,48%,0%,5%,0%,60%,34%,0%,6%,0%,0.3%,0,1.1384,0.3%,0.02,0.53,0.48,,0.980392156862745
2018-08AR CL 408,07/30/2018,2018-08,AR CL 40,Arbustal,Clausura,2,8,71%,0%,24%,5%,0%,86%,0%,10%,4%,0%,0.2%,0,1.1384,0.2%,0.482,0.53,0.48,,0.67476383265857
2018-08AR CL 409,07/30/2018,2018-08,AR CL 40,Arbustal,Clausura,2,9,71%,0%,24%,5%,0%,94%,0%,4%,2%,0%,0.0%,0,1.1384,0.0%,0.779,0.53,0.48,,0.562113546936481
2018-08AR CL 4010,07/30/2018,2018-08,AR CL 40,Arbustal,Clausura,2,10,48%,48%,0%,5%,0%,40%,58%,0%,2%,0%,0.0%,0,1.1384,0.0%,0.823,0.53,0.48,,0.548546352166758
2018-08AR CL 4011,07/30/2018,2018-08,AR CL 40,Arbustal,Clausura,2,11,90%,0%,5%,5%,0%,90%,0%,10%,0%,0%,0.0%,0,1.1384,0.0%,0.815,0.53,0.48,,0.550964187327824
2018-08AR CO 11,07/30/2018,2018-08,AR CO 1,Arbustal,Continuo,1,1,5%,86%,5%,5%,0%,0%,88%,10%,2%,0%,4.6%,7,1.1776,3.9%,0.009,0.36,0.31,,0.991080277502478
2018-08AR CO 12,07/30/2018,2018-08,AR CO 1,Arbustal,Continuo,1,2,71%,24%,0%,5%,0%,60%,32%,0%,8%,0%,1.9%,3,1.1776,1.6%,0.478,0.36,0.31,,0.6765899864682
2018-08AR CO 13,07/30/2018,2018-08,AR CO 1,Arbustal,Continuo,1,3,48%,48%,0%,5%,0%,50%,46%,0%,4%,0%,2.5%,4,1.1776,2.1%,0.077,0.36,0.31,,0.928505106778087
2018-08AR CO 14,07/30/2018,2018-08,AR CO 1,Arbustal,Continuo,1,4,95%,0%,0%,5%,0%,88%,0%,0%,12%,0%,4.0%,6,1.1776,3.4%,0.486,0.36,0.31,,0.672947510094213
2018-08AR CO 15,07/30/2018,2018-08,AR CO 1,Arbustal,Continuo,1,5,50%,25%,0%,25%,0%,60%,34%,0%,6%,0%,1.7%,3,1.1776,1.4%,0.282,0.36,0.31,,0.78003120124805
2018-08AR CO 16,07/30/2018,2018-08,AR CO 1,Arbustal,Continuo,1,6,0%,95%,0%,5%,0%,96%,0%,0%,4%,0%,2.5%,4,1.1776,2.1%,0.016,0.36,0.31,,0.984251968503937
2018-08AR CO 17,07/30/2018,2018-08,AR CO 1,Arbustal,Continuo,1,7,71%,24%,0%,5%,0%,80%,16%,0%,4%,0%,1.2%,2,1.1776,1.0%,0,0.36,0.31,,1
2018-08AR CO 18,07/30/2018,2018-08,AR CO 1,Arbustal,Continuo,1,8,24%,71%,0%,5%,0%,20%,76%,0%,4%,0%,1.5%,2,1.1776,1.3%,0,0.36,0.31,,1
2018-08AR CO 19,07/30/2018,2018-08,AR CO 1,Arbustal,Continuo,1,9,23%,5%,68%,5%,0%,20%,36%,40%,4%,0%,2.1%,3,1.1776,1.8%,0,0.36,0.31,,1
2018-08AR CO 110,07/30/2018,2018-08,AR CO 1,Arbustal,Continuo,1,10,24%,48%,24%,5%,0%,50%,40%,6%,4%,0%,1.3%,2,1.1776,1.1%,0.019,0.36,0.31,,0.98135426889107
2018-08AR CO 111,07/30/2018,2018-08,AR CO 1,Arbustal,Continuo,1,11,24%,71%,5%,0%,0%,16%,80%,4%,0%,0%,3.8%,6,1.1776,3.2%,0.304,0.36,0.31,,0.766871165644172
2018-08AR CO 21,07/30/2018,2018-08,AR CO 2,Arbustal,Continuo,2,1,23%,45%,5%,23%,5%,16%,66%,4%,12%,2%,0.0%,0,1.1776,0.0%,0.17,0.18,0.16,,0.854700854700855
2018-08AR CO 22,07/30/2018,2018-08,AR CO 2,Arbustal,Continuo,2,2,5%,90%,0%,5%,0%,20%,72%,0%,8%,0%,0.7%,1,1.1776,0.6%,0.037,0.18,0.16,,0.964320154291225
2018-08AR CO 23,07/30/2018,2018-08,AR CO 2,Arbustal,Continuo,2,3,0%,76%,4%,20%,0%,0%,82%,10%,8%,0%,1.0%,2,1.1776,0.8%,0,0.18,0.16,,1
2018-08AR CO 24,07/30/2018,2018-08,AR CO 2,Arbustal,Continuo,2,4,0%,95%,0%,5%,0%,0%,98%,0%,2%,0%,0.9%,1,1.1776,0.8%,0.009,0.18,0.16,,0.991080277502478
2018-08AR CO 25,07/30/2018,2018-08,AR CO 2,Arbustal,Continuo,2,5,5%,90%,5%,0%,0%,0%,90%,10%,0%,0%,0.9%,1,1.1776,0.8%,0.009,0.18,0.16,,0.991080277502478
2018-08AR CO 26,07/30/2018,2018-08,AR CO 2,Arbustal,Continuo,2,6,5%,71%,0%,24%,0%,0%,84%,0%,16%,0%,0.9%,1,1.1776,0.8%,0,0.18,0.16,,1
2018-08AR CO 27,07/30/2018,2018-08,AR CO 2,Arbustal,Continuo,2,7,5%,68%,5%,23%,0%,0%,84%,0%,16%,0%,2.3%,3,1.1776,2.0%,0,0.18,0.16,,1
2018-08AR CO 28,07/30/2018,2018-08,AR CO 2,Arbustal,Continuo,2,8,48%,24%,5%,24%,0%,40%,44%,6%,10%,0%,0.5%,1,1.1776,0.4%,0.336,0.18,0.16,,0.748502994011976
2018-08AR CO 29,07/30/2018,2018-08,AR CO 2,Arbustal,Continuo,2,9,68%,23%,5%,5%,0%,60%,22%,6%,12%,0%,1.4%,2,1.1776,1.2%,0.045,0.18,0.16,,0.956937799043062
2018-08AR CO 210,07/30/2018,2018-08,AR CO 2,Arbustal,Continuo,2,10,45%,45%,5%,5%,0%,66%,20%,4%,10%,0%,1.0%,2,1.1776,0.8%,0.013,0.18,0.16,,0.987166831194472
2018-08AR CO 211,07/30/2018,2018-08,AR CO 2,Arbustal,Continuo,2,11,68%,23%,5%,5%,0%,64%,20%,6%,10%,0%,0.2%,0,1.1776,0.2%,0.281,0.18,0.16,,0.78064012490242
2018-08BA CL 7(P1)1,07/29/2018,2018-08,BA CL 7(P1),Bosque Alto,Clausura,1,1,48%,16%,16%,3%,16%,80%,6%,12%,0%,2%,9.5%,14,1.0371,9.2%,0.23,0.56,0.54,,0.813008130081301
2018-08BA CL 7(P1)2,07/29/2018,2018-08,BA CL 7(P1),Bosque Alto,Clausura,1,2,40%,40%,0%,20%,0%,70%,26%,0%,4%,0%,9.9%,15,1.0371,9.5%,0.233,0.56,0.54,,0.8110300081103
2018-08BA CL 7(P1)3,07/29/2018,2018-08,BA CL 7(P1),Bosque Alto,Clausura,1,3,75%,0%,25%,0%,0%,86%,0%,14%,0%,0%,11.0%,17,1.0371,10.6%,0.325,0.56,0.54,,0.754716981132076
2018-08BA CL 7(P1)4,07/29/2018,2018-08,BA CL 7(P1),Bosque Alto,Clausura,1,4,65%,4%,22%,4%,4%,88%,0%,6%,2%,4%,9.2%,14,1.0371,8.9%,0.595,0.56,0.54,,0.626959247648903
2018-08BA CL 7(P1)5,07/29/2018,2018-08,BA CL 7(P1),Bosque Alto,Clausura,1,5,48%,0%,48%,0%,5%,88%,0%,8%,0%,4%,8.9%,13,1.0371,8.6%,0.675,0.56,0.54,,0.597014925373134
2018-08BA CL 7(P1)6,07/29/2018,2018-08,BA CL 7(P1),Bosque Alto,Clausura,1,6,25%,0%,75%,0%,0%,84%,0%,16%,0%,0%,10.8%,16,1.0371,10.4%,0.515,0.56,0.54,,0.66006600660066
2018-08BA CL 7(P1)7,07/29/2018,2018-08,BA CL 7(P1),Bosque Alto,Clausura,1,7,48%,5%,48%,0%,0%,80%,12%,6%,2%,0%,9.8%,15,1.0371,9.4%,0.371,0.56,0.54,,0.729394602479942
2018-08BA CL 7(P1)8,07/29/2018,2018-08,BA CL 7(P1),Bosque Alto,Clausura,1,8,48%,5%,48%,0%,0%,82%,0%,18%,0%,0%,9.0%,14,1.0371,8.7%,0.366,0.56,0.54,,0.732064421669107
2018-08BA CL 7(P1)9,07/29/2018,2018-08,BA CL 7(P1),Bosque Alto,Clausura,1,9,71%,24%,5%,0%,0%,74%,20%,6%,0%,0%,10.4%,16,1.0371,10.0%,0.369,0.56,0.54,,0.730460189919649
2018-08BA CL 7(P1)10,07/29/2018,2018-08,BA CL 7(P1),Bosque Alto,Clausura,1,10,48%,0%,48%,5%,0%,86%,0%,8%,6%,0%,9.3%,14,1.0371,9.0%,0.627,0.56,0.54,,0.614628149969269
2018-08BA CL 7(P1)11,07/29/2018,2018-08,BA CL 7(P1),Bosque Alto,Clausura,1,11,68%,0%,23%,5%,5%,84%,0%,4%,8%,4%,8.2%,12,1.0371,7.9%,0.677,0.56,0.54,,0.596302921884317
2018-08BA CL 711,07/29/2018,2018-08,BA CL 71,Bosque Alto,Clausura,2,1,68%,23%,5%,5%,0%,80%,8%,10%,2%,0%,2.1%,3,1.0371,2.0%,0.397,0.53,0.53,,0.715819613457409
2018-08BA CL 712,07/29/2018,2018-08,BA CL 71,Bosque Alto,Clausura,2,2,5%,95%,0%,0%,0%,0%,100%,0%,0%,0%,5.2%,8,1.0371,5.0%,0.001,0.53,0.53,,0.999000999000999
2018-08BA CL 713,07/29/2018,2018-08,BA CL 71,Bosque Alto,Clausura,2,3,5%,95%,0%,0%,0%,20%,80%,0%,0%,0%,5.0%,8,1.0371,4.8%,0.182,0.53,0.53,,0.846023688663283
2018-08BA CL 714,07/29/2018,2018-08,BA CL 71,Bosque Alto,Clausura,2,4,48%,48%,5%,0%,0%,40%,44%,16%,0%,0%,5.9%,9,1.0371,5.7%,0.556,0.53,0.53,,0.6426735218509
2018-08BA CL 715,07/29/2018,2018-08,BA CL 71,Bosque Alto,Clausura,2,5,25%,50%,25%,0%,0%,20%,74%,6%,0%,0%,3.4%,5,1.0371,3.3%,0.687,0.53,0.53,,0.592768227622999
2018-08BA CL 716,07/29/2018,2018-08,BA CL 71,Bosque Alto,Clausura,2,6,48%,24%,24%,5%,0%,54%,16%,26%,4%,0%,2.5%,4,1.0371,2.4%,0.856,0.53,0.53,,0.538793103448276
2018-08BA CL 717,07/29/2018,2018-08,BA CL 71,Bosque Alto,Clausura,2,7,71%,0%,24%,5%,0%,88%,0%,10%,2%,0%,2.3%,3,1.0371,2.2%,0.749,0.53,0.53,,0.571755288736421
2018-08BA CL 718,07/29/2018,2018-08,BA CL 71,Bosque Alto,Clausura,2,8,71%,0%,24%,5%,0%,78%,0%,18%,4%,0%,1.9%,3,1.0371,1.8%,0.768,0.53,0.53,,0.565610859728507
2018-08BA CL 719,07/29/2018,2018-08,BA CL 71,Bosque Alto,Clausura,2,9,75%,0%,25%,0%,0%,88%,0%,12%,0%,0%,2.7%,4,1.0371,2.6%,0.684,0.53,0.53,,0.593824228028504
2018-08BA CL 7110,07/29/2018,2018-08,BA CL 71,Bosque Alto,Clausura,2,10,71%,0%,24%,5%,0%,84%,0%,12%,4%,0%,2.5%,4,1.0371,2.4%,0.604,0.53,0.53,,0.623441396508728
2018-08BA CL 7111,07/29/2018,2018-08,BA CL 71,Bosque Alto,Clausura,2,11,75%,0%,0%,0%,25%,88%,0%,0%,0%,12%,3.2%,5,1.0371,3.1%,0.37,0.53,0.53,,0.72992700729927
2018-08BA CO 11,07/29/2018,2018-08,BA CO 1,Bosque Alto,Continuo,1,1,25%,75%,0%,0%,0%,40%,60%,0%,0%,0%,6.2%,9,1.1496,5.4%,0.299,0.41,0.44,,0.769822940723634
2018-08BA CO 12,07/29/2018,2018-08,BA CO 1,Bosque Alto,Continuo,1,2,38%,38%,4%,19%,0%,60%,36%,0%,4%,0%,5.2%,8,1.1496,4.5%,0.32,0.41,0.44,,0.757575757575758
2018-08BA CO 13,07/29/2018,2018-08,BA CO 1,Bosque Alto,Continuo,1,3,25%,25%,50%,0%,0%,56%,30%,14%,0%,0%,5.7%,9,1.1496,5.0%,0.495,0.41,0.44,,0.668896321070234
2018-08BA CO 14,07/29/2018,2018-08,BA CO 1,Bosque Alto,Continuo,1,4,71%,5%,24%,0%,0%,72%,12%,16%,0%,0%,5.2%,8,1.1496,4.5%,0.543,0.41,0.44,,0.648088139987038
2018-08BA CO 15,07/29/2018,2018-08,BA CO 1,Bosque Alto,Continuo,1,5,60%,0%,20%,20%,0%,86%,0%,14%,0%,0%,4.8%,7,1.1496,4.2%,0.557,0.41,0.44,,0.642260757867694
2018-08BA CO 16,07/29/2018,2018-08,BA CO 1,Bosque Alto,Continuo,1,6,48%,0%,0%,48%,5%,86%,0%,0%,8%,6%,4.3%,6,1.1496,3.7%,0.428,0.41,0.44,,0.700280112044818
2018-08BA CO 17,07/29/2018,2018-08,BA CO 1,Bosque Alto,Continuo,1,7,48%,0%,48%,0%,5%,86%,0%,6%,8%,0%,7.1%,11,1.1496,6.2%,0.656,0.41,0.44,,0.603864734299517
2018-08BA CO 18,07/29/2018,2018-08,BA CO 1,Bosque Alto,Continuo,1,8,50%,0%,50%,0%,0%,76%,0%,24%,0%,0%,5.3%,8,1.1496,4.6%,0.561,0.41,0.44,,0.640614990390775
2018-08BA CO 19,07/29/2018,2018-08,BA CO 1,Bosque Alto,Continuo,1,9,48%,5%,48%,0%,0%,66%,10%,24%,0%,0%,3.5%,5,1.1496,3.0%,0.434,0.41,0.44,,0.697350069735007
2018-08BA CO 110,07/29/2018,2018-08,BA CO 1,Bosque Alto,Continuo,1,10,50%,25%,25%,0%,0%,84%,0%,16%,0%,0%,5.8%,9,1.1496,5.0%,0.461,0.41,0.44,,0.684462696783025
2018-08BA CO 111,07/29/2018,2018-08,BA CO 1,Bosque Alto,Continuo,1,11,24%,0%,71%,5%,0%,76%,0%,24%,0%,0%,5.9%,9,1.1496,5.1%,0.445,0.41,0.44,,0.692041522491349
2018-08BA CO 21,07/29/2018,2018-08,BA CO 2,Bosque Alto,Continuo,2,1,50%,23%,25%,2%,0%,66%,20%,14%,0%,0%,6.1%,9,1.1496,5.3%,0.648,0.61,0.57,,0.606796116504854
2018-08BA CO 22,07/29/2018,2018-08,BA CO 2,Bosque Alto,Continuo,2,2,5%,90%,5%,0%,0%,10%,88%,2%,0%,0%,8.6%,13,1.1496,7.5%,0.472,0.61,0.57,,0.679347826086957
2018-08BA CO 23,07/29/2018,2018-08,BA CO 2,Bosque Alto,Continuo,2,3,25%,50%,25%,0%,0%,20%,72%,8%,0%,0%,7.1%,11,1.1496,6.2%,0.014,0.61,0.57,,0.986193293885602
2018-08BA CO 24,07/29/2018,2018-08,BA CO 2,Bosque Alto,Continuo,2,4,24%,71%,5%,0%,0%,10%,82%,8%,0%,0%,14.5%,22,1.1496,12.6%,0.135,0.61,0.57,,0.881057268722467
2018-08BA CO 25,07/29/2018,2018-08,BA CO 2,Bosque Alto,Continuo,2,5,50%,25%,25%,0%,0%,82%,0%,18%,0%,0%,7.6%,11,1.1496,6.6%,0.224,0.61,0.57,,0.816993464052288
2018-08BA CO 26,07/29/2018,2018-08,BA CO 2,Bosque Alto,Continuo,2,6,48%,24%,24%,5%,0%,68%,0%,22%,10%,0%,4.8%,7,1.1496,4.2%,0.397,0.61,0.57,,0.715819613457409
2018-08BA CO 27,07/29/2018,2018-08,BA CO 2,Bosque Alto,Continuo,2,7,25%,50%,25%,0%,0%,30%,58%,12%,0%,0%,7.4%,11,1.1496,6.4%,0.522,0.61,0.57,,0.657030223390276
2018-08BA CO 28,07/29/2018,2018-08,BA CO 2,Bosque Alto,Continuo,2,8,25%,0%,75%,0%,0%,82%,0%,18%,0%,0%,7.2%,11,1.1496,6.3%,0.517,0.61,0.57,,0.659195781147001
2018-08BA CO 29,07/29/2018,2018-08,BA CO 2,Bosque Alto,Continuo,2,9,48%,24%,24%,5%,0%,40%,42%,18%,0%,0%,7.3%,11,1.1496,6.3%,0.439,0.61,0.57,,0.694927032661571
2018-08BA CO 210,07/29/2018,2018-08,BA CO 2,Bosque Alto,Continuo,2,10,50%,25%,25%,0%,0%,68%,20%,12%,0%,0%,3.1%,5,1.1496,2.7%,0.469,0.61,0.57,,0.68073519400953
2018-08BA CO 211,07/29/2018,2018-08,BA CO 2,Bosque Alto,Continuo,2,11,20%,60%,20%,0%,0%,20%,62%,18%,0%,0%,0.0%,0,1.1496,0.0%,0.554,0.61,0.57,,0.643500643500644
2018-08BB CL 26bis1,07/31/2018,2018-08,BB CL 26bis,Bosque Bajo,Clausura,1,1,68%,23%,5%,5%,0%,68%,30%,0%,2%,0%,10.0%,15,1.1231,8.9%,0.603,0.74,0.68,,0.623830318153462
2018-08BB CL 26bis2,07/31/2018,2018-08,BB CL 26bis,Bosque Bajo,Clausura,1,2,25%,75%,0%,0%,0%,0%,100%,0%,0%,0%,9.0%,14,1.1231,8.0%,0.596,0.74,0.68,,0.6265664160401
2018-08BB CL 26bis3,07/31/2018,2018-08,BB CL 26bis,Bosque Bajo,Clausura,1,3,100%,0%,0%,0%,0%,100%,0%,0%,0%,0%,11.0%,17,1.1231,9.8%,0.587,0.74,0.68,,0.630119722747322
2018-08BB CL 26bis4,07/31/2018,2018-08,BB CL 26bis,Bosque Bajo,Clausura,1,4,25%,75%,0%,0%,0%,20%,80%,0%,0%,0%,10.8%,16,1.1231,9.6%,0.594,0.74,0.68,,0.627352572145546
2018-08BB CL 26bis5,07/31/2018,2018-08,BB CL 26bis,Bosque Bajo,Clausura,1,5,76%,20%,0%,4%,0%,78%,20%,0%,2%,0%,9.9%,15,1.1231,8.8%,0.456,0.74,0.68,,0.686813186813187
2018-08BB CL 26bis6,07/31/2018,2018-08,BB CL 26bis,Bosque Bajo,Clausura,1,6,25%,75%,0%,0%,0%,40%,60%,0%,0%,0%,12.2%,18,1.1231,10.9%,0.511,0.74,0.68,,0.661813368630046
2018-08BB CL 26bis7,07/31/2018,2018-08,BB CL 26bis,Bosque Bajo,Clausura,1,7,95%,0%,0%,5%,0%,100%,0%,0%,0%,0%,7.7%,12,1.1231,6.9%,0.399,0.74,0.68,,0.714796283059328
2018-08BB CL 26bis8,07/31/2018,2018-08,BB CL 26bis,Bosque Bajo,Clausura,1,8,95%,0%,0%,5%,0%,100%,0%,0%,0%,0%,8.6%,13,1.1231,7.7%,0.315,0.74,0.68,,0.760456273764259
2018-08BB CL 26bis9,07/31/2018,2018-08,BB CL 26bis,Bosque Bajo,Clausura,1,9,95%,0%,0%,5%,0%,94%,0%,0%,6%,0%,8.4%,13,1.1231,7.5%,0.485,0.74,0.68,,0.673400673400673
2018-08BB CL 26bis10,07/31/2018,2018-08,BB CL 26bis,Bosque Bajo,Clausura,1,10,90%,5%,0%,5%,0%,74%,20%,0%,6%,0%,7.1%,11,1.1231,6.3%,0.421,0.74,0.68,,0.703729767769177
2018-08BB CL 26bis11,07/31/2018,2018-08,BB CL 26bis,Bosque Bajo,Clausura,1,11,95%,0%,0%,5%,0%,88%,0%,0%,12%,0%,8.5%,13,1.1231,7.6%,0.638,0.74,0.68,,0.610500610500611
2018-08BB CL 102bis1,07/31/2018,2018-08,BB CL 102bis,Bosque Bajo,Clausura,2,1,75%,0%,25%,0%,0%,82%,0%,18%,0%,0%,0.5%,1,1.1231,0.4%,0.432,0.66,0.59,,0.698324022346369
2018-08BB CL 102bis2,07/31/2018,2018-08,BB CL 102bis,Bosque Bajo,Clausura,2,2,71%,0%,24%,5%,0%,74%,0%,24%,2%,0%,0.3%,0,1.1231,0.3%,0.386,0.66,0.59,,0.721500721500721
2018-08BB CL 102bis3,07/31/2018,2018-08,BB CL 102bis,Bosque Bajo,Clausura,2,3,71%,0%,24%,5%,0%,82%,0%,14%,4%,0%,0.9%,1,1.1231,0.8%,0.564,0.66,0.59,,0.639386189258312
2018-08BB CL 102bis4,07/31/2018,2018-08,BB CL 102bis,Bosque Bajo,Clausura,2,4,68%,23%,5%,5%,0%,74%,20%,4%,2%,0%,0.5%,1,1.1231,0.4%,0.266,0.66,0.59,,0.789889415481833
2018-08BB CL 102bis5,07/31/2018,2018-08,BB CL 102bis,Bosque Bajo,Clausura,2,5,75%,25%,0%,0%,0%,70%,30%,0%,0%,0%,1.6%,2,1.1231,1.4%,0.231,0.66,0.59,,0.812347684809098
2018-08BB CL 102bis6,07/31/2018,2018-08,BB CL 102bis,Bosque Bajo,Clausura,2,6,71%,24%,0%,5%,0%,76%,20%,0%,4%,0%,1.4%,2,1.1231,1.2%,0.273,0.66,0.59,,0.785545954438335
2018-08BB CL 102bis7,07/31/2018,2018-08,BB CL 102bis,Bosque Bajo,Clausura,2,7,95%,5%,0%,0%,0%,100%,0%,0%,0%,0%,0.8%,1,1.1231,0.7%,0.662,0.66,0.59,,0.601684717208183
2018-08BB CL 102bis8,07/31/2018,2018-08,BB CL 102bis,Bosque Bajo,Clausura,2,8,95%,0%,0%,5%,0%,96%,0%,0%,4%,0%,1.8%,3,1.1231,1.6%,0.309,0.66,0.59,,0.763941940412529
2018-08BB CL 102bis9,07/31/2018,2018-08,BB CL 102bis,Bosque Bajo,Clausura,2,9,95%,0%,0%,5%,0%,92%,0%,0%,8%,0%,1.9%,3,1.1231,1.7%,0.46,0.66,0.59,,0.684931506849315
2018-08BB CL 102bis10,07/31/2018,2018-08,BB CL 102bis,Bosque Bajo,Clausura,2,10,71%,24%,5%,0%,0%,100%,0%,0%,0%,0%,2.0%,3,1.1231,1.8%,0.346,0.66,0.59,,0.742942050520059
2018-08BB CL 102bis11,07/31/2018,2018-08,BB CL 102bis,Bosque Bajo,Clausura,2,11,45%,45%,5%,5%,0%,50%,38%,8%,4%,0%,2.5%,4,1.1231,2.2%,0.256,0.66,0.59,,0.796178343949045
2018-08BB CL NUEVA1,07/31/2018,2018-08,BB CL NUEVA,Bosque Bajo,Clausura,3,1,45%,45%,9%,0%,0%,58%,40%,2%,0%,0%,7.7%,12,1.1231,6.9%,0.574,0.63,0.60,,0.635324015247776
2018-08BB CL NUEVA2,07/31/2018,2018-08,BB CL NUEVA,Bosque Bajo,Clausura,3,2,95%,0%,0%,5%,0%,88%,0%,0%,12%,0%,8.6%,13,1.1231,7.7%,0.516,0.63,0.60,,0.659630606860158
2018-08BB CL NUEVA3,07/31/2018,2018-08,BB CL NUEVA,Bosque Bajo,Clausura,3,3,71%,24%,0%,5%,0%,0%,100%,0%,0%,0%,9.0%,14,1.1231,8.0%,0.251,0.63,0.60,,0.799360511590728
2018-08BB CL NUEVA4,07/31/2018,2018-08,BB CL NUEVA,Bosque Bajo,Clausura,3,4,83%,6%,6%,6%,0%,68%,10%,10%,12%,0%,9.4%,14,1.1231,8.4%,0.442,0.63,0.60,,0.693481276005548
2018-08BB CL NUEVA5,07/31/2018,2018-08,BB CL NUEVA,Bosque Bajo,Clausura,3,5,68%,5%,23%,5%,0%,56%,20%,24%,0%,0%,7.1%,11,1.1231,6.3%,0.487,0.63,0.60,,0.672494956287828
2018-08BB CL NUEVA6,07/31/2018,2018-08,BB CL NUEVA,Bosque Bajo,Clausura,3,6,86%,5%,5%,5%,0%,70%,10%,8%,12%,0%,7.9%,12,1.1231,7.0%,0.374,0.63,0.60,,0.727802037845706
2018-08BB CL NUEVA7,07/31/2018,2018-08,BB CL NUEVA,Bosque Bajo,Clausura,3,7,90%,0%,5%,5%,0%,78%,0%,10%,12%,0%,9.3%,14,1.1231,8.3%,0.413,0.63,0.60,,0.707714083510262
2018-08BB CL NUEVA8,07/31/2018,2018-08,BB CL NUEVA,Bosque Bajo,Clausura,3,8,90%,0%,5%,5%,0%,92%,0%,2%,6%,0%,10.0%,15,1.1231,8.9%,0.427,0.63,0.60,,0.700770847932726
2018-08BB CL NUEVA9,07/31/2018,2018-08,BB CL NUEVA,Bosque Bajo,Clausura,3,9,90%,0%,5%,5%,0%,82%,0%,6%,12%,0%,8.7%,13,1.1231,7.7%,0.53,0.63,0.60,,0.65359477124183
2018-08BB CL NUEVA10,07/31/2018,2018-08,BB CL NUEVA,Bosque Bajo,Clausura,3,10,90%,0%,5%,5%,0%,80%,0%,6%,14%,0%,9.0%,14,1.1231,8.0%,0.586,0.63,0.60,,0.630517023959647
2018-08BB CL NUEVA11,07/31/2018,2018-08,BB CL NUEVA,Bosque Bajo,Clausura,3,11,90%,0%,5%,5%,0%,92%,0%,2%,6%,0%,9.0%,14,1.1231,8.0%,0.449,0.63,0.60,,0.690131124913734
2018-08BB CO 11,07/31/2018,2018-08,BB CO 1,Bosque Bajo,Continuo,1,1,24%,71%,0%,5%,0%,20%,76%,0%,4%,0%,2.2%,3,1.1825,1.9%,0.303,0.56,0.48,,0.767459708365311
2018-08BB CO 12,07/31/2018,2018-08,BB CO 1,Bosque Bajo,Continuo,1,2,25%,75%,0%,0%,0%,20%,80%,0%,0%,0%,2.3%,3,1.1825,1.9%,0.329,0.56,0.48,,0.752445447705041
2018-08BB CO 13,07/31/2018,2018-08,BB CO 1,Bosque Bajo,Continuo,1,3,25%,75%,0%,0%,0%,20%,80%,0%,0%,0%,4.2%,6,1.1825,3.6%,0.186,0.56,0.48,,0.843170320404722
2018-08BB CO 14,07/31/2018,2018-08,BB CO 1,Bosque Bajo,Continuo,1,4,75%,25%,0%,0%,0%,80%,20%,0%,0%,0%,2.4%,4,1.1825,2.0%,0.218,0.56,0.48,,0.821018062397373
2018-08BB CO 15,07/31/2018,2018-08,BB CO 1,Bosque Bajo,Continuo,1,5,95%,5%,0%,0%,0%,90%,10%,0%,0%,0%,2.9%,4,1.1825,2.5%,0.501,0.56,0.48,,0.666222518321119
2018-08BB CO 16,07/31/2018,2018-08,BB CO 1,Bosque Bajo,Continuo,1,6,90%,0%,5%,5%,0%,92%,0%,4%,4%,0%,0.7%,1,1.1825,0.6%,0.103,0.56,0.48,,0.906618313689937
2018-08BB CO 17,07/31/2018,2018-08,BB CO 1,Bosque Bajo,Continuo,1,7,50%,50%,0%,0%,0%,80%,20%,0%,0%,0%,2.6%,4,1.1825,2.2%,0.076,0.56,0.48,,0.929368029739777
2018-08BB CO 18,07/31/2018,2018-08,BB CO 1,Bosque Bajo,Continuo,1,8,71%,24%,0%,5%,0%,80%,14%,0%,6%,0%,0.8%,1,1.1825,0.7%,0.189,0.56,0.48,,0.841042893187553
2018-08BB CO 19,07/31/2018,2018-08,BB CO 1,Bosque Bajo,Continuo,1,9,83%,6%,6%,6%,0%,70%,20%,4%,6%,0%,1.1%,2,1.1825,0.9%,0.267,0.56,0.48,,0.789265982636148
2018-08BB CO 110,07/31/2018,2018-08,BB CO 1,Bosque Bajo,Continuo,1,10,48%,48%,0%,5%,0%,50%,40%,0%,10%,0%,1.5%,2,1.1825,1.3%,0.376,0.56,0.48,,0.726744186046512
2018-08BB CO 111,07/31/2018,2018-08,BB CO 1,Bosque Bajo,Continuo,1,11,50%,50%,0%,0%,0%,60%,40%,0%,0%,0%,1.8%,3,1.1825,1.5%,0.169,0.56,0.48,,0.855431993156544
2018-08BB CO 21,07/31/2018,2018-08,BB CO 2,Bosque Bajo,Continuo,2,1,58%,19%,4%,19%,0%,50%,30%,10%,10%,0%,2.3%,3,1.1825,1.9%,0.462,0.54,0.50,,0.683994528043776
2018-08BB CO 22,07/31/2018,2018-08,BB CO 2,Bosque Bajo,Continuo,2,2,23%,68%,5%,5%,0%,30%,60%,6%,4%,0%,0.5%,1,1.1825,0.4%,0.284,0.54,0.50,,0.778816199376947
2018-08BB CO 23,07/31/2018,2018-08,BB CO 2,Bosque Bajo,Continuo,2,3,25%,75%,0%,0%,0%,60%,40%,0%,0%,0%,1.5%,2,1.1825,1.3%,0.415,0.54,0.50,,0.706713780918728
2018-08BB CO 24,07/31/2018,2018-08,BB CO 2,Bosque Bajo,Continuo,2,4,71%,24%,0%,5%,0%,74%,20%,0%,6%,0%,1.1%,2,1.1825,0.9%,0.471,0.54,0.50,,0.679809653297077
2018-08BB CO 25,07/31/2018,2018-08,BB CO 2,Bosque Bajo,Continuo,2,5,90%,5%,0%,5%,0%,96%,0%,0%,4%,0%,1.8%,3,1.1825,1.5%,0.28,0.54,0.50,,0.78125
2018-08BB CO 26,07/31/2018,2018-08,BB CO 2,Bosque Bajo,Continuo,2,6,68%,23%,5%,5%,0%,90%,0%,2%,8%,0%,1.9%,3,1.1825,1.6%,0.313,0.54,0.50,,0.761614623000762
2018-08BB CO 27,07/31/2018,2018-08,BB CO 2,Bosque Bajo,Continuo,2,7,95%,0%,0%,5%,0%,94%,0%,0%,6%,0%,1.5%,2,1.1825,1.3%,0.542,0.54,0.50,,0.648508430609598
2018-08BB CO 28,07/31/2018,2018-08,BB CO 2,Bosque Bajo,Continuo,2,8,71%,24%,0%,5%,0%,98%,0%,0%,2%,0%,2.0%,3,1.1825,1.7%,0.544,0.54,0.50,,0.647668393782383
2018-08BB CO 29,07/31/2018,2018-08,BB CO 2,Bosque Bajo,Continuo,2,9,25%,75%,0%,0%,0%,10%,90%,0%,0%,0%,2.6%,4,1.1825,2.2%,0.2,0.54,0.50,,0.833333333333333
2018-08BB CO 210,07/31/2018,2018-08,BB CO 2,Bosque Bajo,Continuo,2,10,48%,48%,0%,5%,0%,60%,40%,0%,0%,0%,1.3%,2,1.1825,1.1%,0.526,0.54,0.50,,0.655307994757536
2018-08BB CO 211,07/31/2018,2018-08,BB CO 2,Bosque Bajo,Continuo,2,11,90%,5%,0%,5%,0%,86%,0%,0%,14%,0%,1.3%,2,1.1825,1.1%,0.407,0.54,0.50,,0.710732054015636
